?web-scraper-order,web-scraper-start-url,job-name,company-name,job-type,job-location,when-posted,pagination,pagination-href
"1611310118-1","https://www.welcometothejungle.com/en/jobs?page=1&aroundQuery=France%2C%20France&refinementList%5Boffice.country_code%5D%5B%5D=FR&refinementList%5Borganization.size.en%5D%5B%5D=%3C%2015%20employees&refinementList%5Borganization.size.en%5D%5B%5D=Between%2050%20and%20250%20employees&refinementList%5Borganization.size.en%5D%5B%5D=Between%2015%20and%2050%20employees&refinementList%5Bsectors_name.en.Tech%5D%5B%5D=Artificial%20Intelligence%20%2F%20Machine%20Learning&query=business%20development","Business Development Representative B2C - EdTech (H/F) Paris","Dream Catcher Sales","Freelance","Paris","1 hour ago","",""
"1611310118-10","https://www.welcometothejungle.com/en/jobs?page=1&aroundQuery=France%2C%20France&refinementList%5Boffice.country_code%5D%5B%5D=FR&refinementList%5Borganization.size.en%5D%5B%5D=%3C%2015%20employees&refinementList%5Borganization.size.en%5D%5B%5D=Between%2050%20and%20250%20employees&refinementList%5Borganization.size.en%5D%5B%5D=Between%2015%20and%2050%20employees&refinementList%5Bsectors_name.en.Tech%5D%5B%5D=Artificial%20Intelligence%20%2F%20Machine%20Learning&query=business%20development","Business development intern","Swan","Internship","Paris","4 days ago","",""
"1611310118-11","https://www.welcometothejungle.com/en/jobs?page=1&aroundQuery=France%2C%20France&refinementList%5Boffice.country_code%5D%5B%5D=FR&refinementList%5Borganization.size.en%5D%5B%5D=%3C%2015%20employees&refinementList%5Borganization.size.en%5D%5B%5D=Between%2050%20and%20250%20employees&refinementList%5Borganization.size.en%5D%5B%5D=Between%2015%20and%2050%20employees&refinementList%5Bsectors_name.en.Tech%5D%5B%5D=Artificial%20Intelligence%20%2F%20Machine%20Learning&query=business%20development","Business Development Representative - Stage de fin d'études - Juillet 2021","PlayPlay","Internship","Paris","4 days ago","",""
"1611310118-12","https://www.welcometothejungle.com/en/jobs?page=1&aroundQuery=France%2C%20France&refinementList%5Boffice.country_code%5D%5B%5D=FR&refinementList%5Borganization.size.en%5D%5B%5D=%3C%2015%20employees&refinementList%5Borganization.size.en%5D%5B%5D=Between%2050%20and%20250%20employees&refinementList%5Borganization.size.en%5D%5B%5D=Between%2015%20and%2050%20employees&refinementList%5Bsectors_name.en.Tech%5D%5B%5D=Artificial%20Intelligence%20%2F%20Machine%20Learning&query=business%20development","Business Development Representative - Stage de fin d'études - ASAP","PlayPlay","Internship","Paris","4 days ago","",""
"1611310118-13","https://www.welcometothejungle.com/en/jobs?page=1&aroundQuery=France%2C%20France&refinementList%5Boffice.country_code%5D%5B%5D=FR&refinementList%5Borganization.size.en%5D%5B%5D=%3C%2015%20employees&refinementList%5Borganization.size.en%5D%5B%5D=Between%2050%20and%20250%20employees&refinementList%5Borganization.size.en%5D%5B%5D=Between%2015%20and%2050%20employees&refinementList%5Bsectors_name.en.Tech%5D%5B%5D=Artificial%20Intelligence%20%2F%20Machine%20Learning&query=business%20development","Business Development Representative","PlayPlay","Permanent contract","Paris","4 days ago","",""
"1611310118-14","https://www.welcometothejungle.com/en/jobs?page=1&aroundQuery=France%2C%20France&refinementList%5Boffice.country_code%5D%5B%5D=FR&refinementList%5Borganization.size.en%5D%5B%5D=%3C%2015%20employees&refinementList%5Borganization.size.en%5D%5B%5D=Between%2050%20and%20250%20employees&refinementList%5Borganization.size.en%5D%5B%5D=Between%2015%20and%2050%20employees&refinementList%5Bsectors_name.en.Tech%5D%5B%5D=Artificial%20Intelligence%20%2F%20Machine%20Learning&query=business%20development","Business Development Representative France H/F","MYTRAFFIC","Permanent contract","Paris","4 days ago","",""
"1611310118-15","https://www.welcometothejungle.com/en/jobs?page=1&aroundQuery=France%2C%20France&refinementList%5Boffice.country_code%5D%5B%5D=FR&refinementList%5Borganization.size.en%5D%5B%5D=%3C%2015%20employees&refinementList%5Borganization.size.en%5D%5B%5D=Between%2050%20and%20250%20employees&refinementList%5Borganization.size.en%5D%5B%5D=Between%2015%20and%2050%20employees&refinementList%5Bsectors_name.en.Tech%5D%5B%5D=Artificial%20Intelligence%20%2F%20Machine%20Learning&query=business%20development","Business Development Representative BtoB (BDR) H/F","Verteego","Permanent contract","Paris","7 days ago","",""
"1611310118-16","https://www.welcometothejungle.com/en/jobs?page=1&aroundQuery=France%2C%20France&refinementList%5Boffice.country_code%5D%5B%5D=FR&refinementList%5Borganization.size.en%5D%5B%5D=%3C%2015%20employees&refinementList%5Borganization.size.en%5D%5B%5D=Between%2050%20and%20250%20employees&refinementList%5Borganization.size.en%5D%5B%5D=Between%2015%20and%2050%20employees&refinementList%5Bsectors_name.en.Tech%5D%5B%5D=Artificial%20Intelligence%20%2F%20Machine%20Learning&query=business%20development","Business Development Representative BtoB (BDR) H/F","Verteego","Permanent contract","Nantes","7 days ago","",""
"1611310118-17","https://www.welcometothejungle.com/en/jobs?page=1&aroundQuery=France%2C%20France&refinementList%5Boffice.country_code%5D%5B%5D=FR&refinementList%5Borganization.size.en%5D%5B%5D=%3C%2015%20employees&refinementList%5Borganization.size.en%5D%5B%5D=Between%2050%20and%20250%20employees&refinementList%5Borganization.size.en%5D%5B%5D=Between%2015%20and%2050%20employees&refinementList%5Bsectors_name.en.Tech%5D%5B%5D=Artificial%20Intelligence%20%2F%20Machine%20Learning&query=business%20development","Business Development Representative","Front","Permanent contract","Paris 3e arrondissement","7 days ago","",""
"1611310118-18","https://www.welcometothejungle.com/en/jobs?page=1&aroundQuery=France%2C%20France&refinementList%5Boffice.country_code%5D%5B%5D=FR&refinementList%5Borganization.size.en%5D%5B%5D=%3C%2015%20employees&refinementList%5Borganization.size.en%5D%5B%5D=Between%2050%20and%20250%20employees&refinementList%5Borganization.size.en%5D%5B%5D=Between%2015%20and%2050%20employees&refinementList%5Bsectors_name.en.Tech%5D%5B%5D=Artificial%20Intelligence%20%2F%20Machine%20Learning&query=business%20development","Business Development Manager Middle East and Turkey (H/F)","METRON","Permanent contract","","9 days ago","",""
"1611310118-19","https://www.welcometothejungle.com/en/jobs?page=1&aroundQuery=France%2C%20France&refinementList%5Boffice.country_code%5D%5B%5D=FR&refinementList%5Borganization.size.en%5D%5B%5D=%3C%2015%20employees&refinementList%5Borganization.size.en%5D%5B%5D=Between%2050%20and%20250%20employees&refinementList%5Borganization.size.en%5D%5B%5D=Between%2015%20and%2050%20employees&refinementList%5Bsectors_name.en.Tech%5D%5B%5D=Artificial%20Intelligence%20%2F%20Machine%20Learning&query=business%20development","Business Development Manager","finfrog","Permanent contract","Paris","9 days ago","",""
"1611310118-2","https://www.welcometothejungle.com/en/jobs?page=1&aroundQuery=France%2C%20France&refinementList%5Boffice.country_code%5D%5B%5D=FR&refinementList%5Borganization.size.en%5D%5B%5D=%3C%2015%20employees&refinementList%5Borganization.size.en%5D%5B%5D=Between%2050%20and%20250%20employees&refinementList%5Borganization.size.en%5D%5B%5D=Between%2015%20and%2050%20employees&refinementList%5Bsectors_name.en.Tech%5D%5B%5D=Artificial%20Intelligence%20%2F%20Machine%20Learning&query=business%20development","Business Development Representative- France","Powell Software","Permanent contract","","19 hours ago","",""
"1611310118-20","https://www.welcometothejungle.com/en/jobs?page=1&aroundQuery=France%2C%20France&refinementList%5Boffice.country_code%5D%5B%5D=FR&refinementList%5Borganization.size.en%5D%5B%5D=%3C%2015%20employees&refinementList%5Borganization.size.en%5D%5B%5D=Between%2050%20and%20250%20employees&refinementList%5Borganization.size.en%5D%5B%5D=Between%2015%20and%2050%20employees&refinementList%5Bsectors_name.en.Tech%5D%5B%5D=Artificial%20Intelligence%20%2F%20Machine%20Learning&query=business%20development","Business Development Manager H/F","XXII GROUP","Permanent contract","Suresnes","10 days ago","",""
"1611310118-21","https://www.welcometothejungle.com/en/jobs?page=1&aroundQuery=France%2C%20France&refinementList%5Boffice.country_code%5D%5B%5D=FR&refinementList%5Borganization.size.en%5D%5B%5D=%3C%2015%20employees&refinementList%5Borganization.size.en%5D%5B%5D=Between%2050%20and%20250%20employees&refinementList%5Borganization.size.en%5D%5B%5D=Between%2015%20and%2050%20employees&refinementList%5Bsectors_name.en.Tech%5D%5B%5D=Artificial%20Intelligence%20%2F%20Machine%20Learning&query=business%20development","Business Development and Communications Manager - OTT Industry (H/F)","Molotov","Permanent contract","","11 days ago","",""
"1611310118-22","https://www.welcometothejungle.com/en/jobs?page=1&aroundQuery=France%2C%20France&refinementList%5Boffice.country_code%5D%5B%5D=FR&refinementList%5Borganization.size.en%5D%5B%5D=%3C%2015%20employees&refinementList%5Borganization.size.en%5D%5B%5D=Between%2050%20and%20250%20employees&refinementList%5Borganization.size.en%5D%5B%5D=Between%2015%20and%2050%20employees&refinementList%5Bsectors_name.en.Tech%5D%5B%5D=Artificial%20Intelligence%20%2F%20Machine%20Learning&query=business%20development","Business Development Manager","Cafeyn","Permanent contract","Paris","11 days ago","",""
"1611310118-23","https://www.welcometothejungle.com/en/jobs?page=1&aroundQuery=France%2C%20France&refinementList%5Boffice.country_code%5D%5B%5D=FR&refinementList%5Borganization.size.en%5D%5B%5D=%3C%2015%20employees&refinementList%5Borganization.size.en%5D%5B%5D=Between%2050%20and%20250%20employees&refinementList%5Borganization.size.en%5D%5B%5D=Between%2015%20and%2050%20employees&refinementList%5Bsectors_name.en.Tech%5D%5B%5D=Artificial%20Intelligence%20%2F%20Machine%20Learning&query=business%20development","Business Development Intern","Convelio","Internship","","11 days ago","",""
"1611310118-24","https://www.welcometothejungle.com/en/jobs?page=1&aroundQuery=France%2C%20France&refinementList%5Boffice.country_code%5D%5B%5D=FR&refinementList%5Borganization.size.en%5D%5B%5D=%3C%2015%20employees&refinementList%5Borganization.size.en%5D%5B%5D=Between%2050%20and%20250%20employees&refinementList%5Borganization.size.en%5D%5B%5D=Between%2015%20and%2050%20employees&refinementList%5Bsectors_name.en.Tech%5D%5B%5D=Artificial%20Intelligence%20%2F%20Machine%20Learning&query=business%20development","Business Development Representative","Trustpair","Permanent contract","","11 days ago","",""
"1611310118-25","https://www.welcometothejungle.com/en/jobs?page=1&aroundQuery=France%2C%20France&refinementList%5Boffice.country_code%5D%5B%5D=FR&refinementList%5Borganization.size.en%5D%5B%5D=%3C%2015%20employees&refinementList%5Borganization.size.en%5D%5B%5D=Between%2050%20and%20250%20employees&refinementList%5Borganization.size.en%5D%5B%5D=Between%2015%20and%2050%20employees&refinementList%5Bsectors_name.en.Tech%5D%5B%5D=Artificial%20Intelligence%20%2F%20Machine%20Learning&query=business%20development","Business Development Manager (H/F)","InterCloud","Permanent contract","Paris","17 days ago","",""
"1611310118-26","https://www.welcometothejungle.com/en/jobs?page=1&aroundQuery=France%2C%20France&refinementList%5Boffice.country_code%5D%5B%5D=FR&refinementList%5Borganization.size.en%5D%5B%5D=%3C%2015%20employees&refinementList%5Borganization.size.en%5D%5B%5D=Between%2050%20and%20250%20employees&refinementList%5Borganization.size.en%5D%5B%5D=Between%2015%20and%2050%20employees&refinementList%5Bsectors_name.en.Tech%5D%5B%5D=Artificial%20Intelligence%20%2F%20Machine%20Learning&query=business%20development","Business Development Representative (BDR)","Javelo","Permanent contract","Paris","17 days ago","",""
"1611310118-27","https://www.welcometothejungle.com/en/jobs?page=1&aroundQuery=France%2C%20France&refinementList%5Boffice.country_code%5D%5B%5D=FR&refinementList%5Borganization.size.en%5D%5B%5D=%3C%2015%20employees&refinementList%5Borganization.size.en%5D%5B%5D=Between%2050%20and%20250%20employees&refinementList%5Borganization.size.en%5D%5B%5D=Between%2015%20and%2050%20employees&refinementList%5Bsectors_name.en.Tech%5D%5B%5D=Artificial%20Intelligence%20%2F%20Machine%20Learning&query=business%20development","Business Development Representative - Paris - France ??","CybelAngel","Permanent contract","Paris","18 days ago","",""
"1611310118-28","https://www.welcometothejungle.com/en/jobs?page=1&aroundQuery=France%2C%20France&refinementList%5Boffice.country_code%5D%5B%5D=FR&refinementList%5Borganization.size.en%5D%5B%5D=%3C%2015%20employees&refinementList%5Borganization.size.en%5D%5B%5D=Between%2050%20and%20250%20employees&refinementList%5Borganization.size.en%5D%5B%5D=Between%2015%20and%2050%20employees&refinementList%5Bsectors_name.en.Tech%5D%5B%5D=Artificial%20Intelligence%20%2F%20Machine%20Learning&query=business%20development","Business Development - Sales","ZeClef","Internship","Paris","25 days ago","",""
"1611310118-29","https://www.welcometothejungle.com/en/jobs?page=1&aroundQuery=France%2C%20France&refinementList%5Boffice.country_code%5D%5B%5D=FR&refinementList%5Borganization.size.en%5D%5B%5D=%3C%2015%20employees&refinementList%5Borganization.size.en%5D%5B%5D=Between%2050%20and%20250%20employees&refinementList%5Borganization.size.en%5D%5B%5D=Between%2015%20and%2050%20employees&refinementList%5Bsectors_name.en.Tech%5D%5B%5D=Artificial%20Intelligence%20%2F%20Machine%20Learning&query=business%20development","Business Development Representative","Artifakt","Permanent contract","","28 days ago","",""
"1611310118-3","https://www.welcometothejungle.com/en/jobs?page=1&aroundQuery=France%2C%20France&refinementList%5Boffice.country_code%5D%5B%5D=FR&refinementList%5Borganization.size.en%5D%5B%5D=%3C%2015%20employees&refinementList%5Borganization.size.en%5D%5B%5D=Between%2050%20and%20250%20employees&refinementList%5Borganization.size.en%5D%5B%5D=Between%2015%20and%2050%20employees&refinementList%5Bsectors_name.en.Tech%5D%5B%5D=Artificial%20Intelligence%20%2F%20Machine%20Learning&query=business%20development","Business Development and Sales","Box2Home","Internship","Paris","21 hours ago","",""
"1611310118-30","https://www.welcometothejungle.com/en/jobs?page=1&aroundQuery=France%2C%20France&refinementList%5Boffice.country_code%5D%5B%5D=FR&refinementList%5Borganization.size.en%5D%5B%5D=%3C%2015%20employees&refinementList%5Borganization.size.en%5D%5B%5D=Between%2050%20and%20250%20employees&refinementList%5Borganization.size.en%5D%5B%5D=Between%2015%20and%2050%20employees&refinementList%5Bsectors_name.en.Tech%5D%5B%5D=Artificial%20Intelligence%20%2F%20Machine%20Learning&query=business%20development","Business Development internship","Stockly","Internship","","last month","",""
"1611310118-4","https://www.welcometothejungle.com/en/jobs?page=1&aroundQuery=France%2C%20France&refinementList%5Boffice.country_code%5D%5B%5D=FR&refinementList%5Borganization.size.en%5D%5B%5D=%3C%2015%20employees&refinementList%5Borganization.size.en%5D%5B%5D=Between%2050%20and%20250%20employees&refinementList%5Borganization.size.en%5D%5B%5D=Between%2015%20and%2050%20employees&refinementList%5Bsectors_name.en.Tech%5D%5B%5D=Artificial%20Intelligence%20%2F%20Machine%20Learning&query=business%20development","Business Development Representative (H/F)","Yespark","Permanent contract","","yesterday","",""
"1611310118-5","https://www.welcometothejungle.com/en/jobs?page=1&aroundQuery=France%2C%20France&refinementList%5Boffice.country_code%5D%5B%5D=FR&refinementList%5Borganization.size.en%5D%5B%5D=%3C%2015%20employees&refinementList%5Borganization.size.en%5D%5B%5D=Between%2050%20and%20250%20employees&refinementList%5Borganization.size.en%5D%5B%5D=Between%2015%20and%2050%20employees&refinementList%5Bsectors_name.en.Tech%5D%5B%5D=Artificial%20Intelligence%20%2F%20Machine%20Learning&query=business%20development","Business Development and Sales - Stage Avril 2021","Garantme","Internship","Paris","2 days ago","",""
"1611310118-6","https://www.welcometothejungle.com/en/jobs?page=1&aroundQuery=France%2C%20France&refinementList%5Boffice.country_code%5D%5B%5D=FR&refinementList%5Borganization.size.en%5D%5B%5D=%3C%2015%20employees&refinementList%5Borganization.size.en%5D%5B%5D=Between%2050%20and%20250%20employees&refinementList%5Borganization.size.en%5D%5B%5D=Between%2015%20and%2050%20employees&refinementList%5Bsectors_name.en.Tech%5D%5B%5D=Artificial%20Intelligence%20%2F%20Machine%20Learning&query=business%20development","Business Development Representative (H/F)","SPARTED","Permanent contract","Paris","4 days ago","",""
"1611310118-7","https://www.welcometothejungle.com/en/jobs?page=1&aroundQuery=France%2C%20France&refinementList%5Boffice.country_code%5D%5B%5D=FR&refinementList%5Borganization.size.en%5D%5B%5D=%3C%2015%20employees&refinementList%5Borganization.size.en%5D%5B%5D=Between%2050%20and%20250%20employees&refinementList%5Borganization.size.en%5D%5B%5D=Between%2015%20and%2050%20employees&refinementList%5Bsectors_name.en.Tech%5D%5B%5D=Artificial%20Intelligence%20%2F%20Machine%20Learning&query=business%20development","Business Development Representative “BDR”","Ubble","Permanent contract","","4 days ago","",""
"1611310118-8","https://www.welcometothejungle.com/en/jobs?page=1&aroundQuery=France%2C%20France&refinementList%5Boffice.country_code%5D%5B%5D=FR&refinementList%5Borganization.size.en%5D%5B%5D=%3C%2015%20employees&refinementList%5Borganization.size.en%5D%5B%5D=Between%2050%20and%20250%20employees&refinementList%5Borganization.size.en%5D%5B%5D=Between%2015%20and%2050%20employees&refinementList%5Bsectors_name.en.Tech%5D%5B%5D=Artificial%20Intelligence%20%2F%20Machine%20Learning&query=business%20development","Business Development Representative - FR","Spendesk","Permanent contract","Paris","4 days ago","",""
"1611310118-9","https://www.welcometothejungle.com/en/jobs?page=1&aroundQuery=France%2C%20France&refinementList%5Boffice.country_code%5D%5B%5D=FR&refinementList%5Borganization.size.en%5D%5B%5D=%3C%2015%20employees&refinementList%5Borganization.size.en%5D%5B%5D=Between%2050%20and%20250%20employees&refinementList%5Borganization.size.en%5D%5B%5D=Between%2015%20and%2050%20employees&refinementList%5Bsectors_name.en.Tech%5D%5B%5D=Artificial%20Intelligence%20%2F%20Machine%20Learning&query=business%20development","Business Development Representative","Sharework","Permanent contract","","4 days ago","",""
"1611310129-31","https://www.welcometothejungle.com/en/jobs?page=1&aroundQuery=France%2C%20France&refinementList%5Boffice.country_code%5D%5B%5D=FR&refinementList%5Borganization.size.en%5D%5B%5D=%3C%2015%20employees&refinementList%5Borganization.size.en%5D%5B%5D=Between%2050%20and%20250%20employees&refinementList%5Borganization.size.en%5D%5B%5D=Between%2015%20and%2050%20employees&refinementList%5Bsectors_name.en.Tech%5D%5B%5D=Artificial%20Intelligence%20%2F%20Machine%20Learning&query=business%20development","Business Development Representative “BDR”","Ubble","Permanent contract","","4 days ago","›","https://www.welcometothejungle.com/en/jobs?page=2&aroundQuery=France%2C%20France&refinementList%5Boffice.country_code%5D%5B%5D=FR&refinementList%5Borganization.size.en%5D%5B%5D=%3C%2015%20employees&refinementList%5Borganization.size.en%5D%5B%5D=Between%2050%20and%20250%20employees&refinementList%5Borganization.size.en%5D%5B%5D=Between%2015%20and%2050%20employees&refinementList%5Bsectors_name.en.Tech%5D%5B%5D=Artificial%20Intelligence%20%2F%20Machine%20Learning&query=business%20development"
"1611310129-40","https://www.welcometothejungle.com/en/jobs?page=1&aroundQuery=France%2C%20France&refinementList%5Boffice.country_code%5D%5B%5D=FR&refinementList%5Borganization.size.en%5D%5B%5D=%3C%2015%20employees&refinementList%5Borganization.size.en%5D%5B%5D=Between%2050%20and%20250%20employees&refinementList%5Borganization.size.en%5D%5B%5D=Between%2015%20and%2050%20employees&refinementList%5Bsectors_name.en.Tech%5D%5B%5D=Artificial%20Intelligence%20%2F%20Machine%20Learning&query=business%20development","Internship - Business Development Representative","FieldBox.ai","Internship","Bordeaux","2 months ago","›","https://www.welcometothejungle.com/en/jobs?page=2&aroundQuery=France%2C%20France&refinementList%5Boffice.country_code%5D%5B%5D=FR&refinementList%5Borganization.size.en%5D%5B%5D=%3C%2015%20employees&refinementList%5Borganization.size.en%5D%5B%5D=Between%2050%20and%20250%20employees&refinementList%5Borganization.size.en%5D%5B%5D=Between%2015%20and%2050%20employees&refinementList%5Bsectors_name.en.Tech%5D%5B%5D=Artificial%20Intelligence%20%2F%20Machine%20Learning&query=business%20development"
"1611310129-41","https://www.welcometothejungle.com/en/jobs?page=1&aroundQuery=France%2C%20France&refinementList%5Boffice.country_code%5D%5B%5D=FR&refinementList%5Borganization.size.en%5D%5B%5D=%3C%2015%20employees&refinementList%5Borganization.size.en%5D%5B%5D=Between%2050%20and%20250%20employees&refinementList%5Borganization.size.en%5D%5B%5D=Between%2015%20and%2050%20employees&refinementList%5Bsectors_name.en.Tech%5D%5B%5D=Artificial%20Intelligence%20%2F%20Machine%20Learning&query=business%20development","Director France, Pharma Business Development (M/F)","Owkin","Permanent contract","","4 days ago","›","https://www.welcometothejungle.com/en/jobs?page=2&aroundQuery=France%2C%20France&refinementList%5Boffice.country_code%5D%5B%5D=FR&refinementList%5Borganization.size.en%5D%5B%5D=%3C%2015%20employees&refinementList%5Borganization.size.en%5D%5B%5D=Between%2050%20and%20250%20employees&refinementList%5Borganization.size.en%5D%5B%5D=Between%2015%20and%2050%20employees&refinementList%5Bsectors_name.en.Tech%5D%5B%5D=Artificial%20Intelligence%20%2F%20Machine%20Learning&query=business%20development"
"1611310129-42","https://www.welcometothejungle.com/en/jobs?page=1&aroundQuery=France%2C%20France&refinementList%5Boffice.country_code%5D%5B%5D=FR&refinementList%5Borganization.size.en%5D%5B%5D=%3C%2015%20employees&refinementList%5Borganization.size.en%5D%5B%5D=Between%2050%20and%20250%20employees&refinementList%5Borganization.size.en%5D%5B%5D=Between%2015%20and%2050%20employees&refinementList%5Bsectors_name.en.Tech%5D%5B%5D=Artificial%20Intelligence%20%2F%20Machine%20Learning&query=business%20development","Director Germany, Pharma Business Development","Owkin","Permanent contract","","last month","›","https://www.welcometothejungle.com/en/jobs?page=2&aroundQuery=France%2C%20France&refinementList%5Boffice.country_code%5D%5B%5D=FR&refinementList%5Borganization.size.en%5D%5B%5D=%3C%2015%20employees&refinementList%5Borganization.size.en%5D%5B%5D=Between%2050%20and%20250%20employees&refinementList%5Borganization.size.en%5D%5B%5D=Between%2015%20and%2050%20employees&refinementList%5Bsectors_name.en.Tech%5D%5B%5D=Artificial%20Intelligence%20%2F%20Machine%20Learning&query=business%20development"
"1611310129-43","https://www.welcometothejungle.com/en/jobs?page=1&aroundQuery=France%2C%20France&refinementList%5Boffice.country_code%5D%5B%5D=FR&refinementList%5Borganization.size.en%5D%5B%5D=%3C%2015%20employees&refinementList%5Borganization.size.en%5D%5B%5D=Between%2050%20and%20250%20employees&refinementList%5Borganization.size.en%5D%5B%5D=Between%2015%20and%2050%20employees&refinementList%5Bsectors_name.en.Tech%5D%5B%5D=Artificial%20Intelligence%20%2F%20Machine%20Learning&query=business%20development","Sales Development Representative - DACH (German Speaking)","Shippeo","Permanent contract","Paris","23 days ago","›","https://www.welcometothejungle.com/en/jobs?page=2&aroundQuery=France%2C%20France&refinementList%5Boffice.country_code%5D%5B%5D=FR&refinementList%5Borganization.size.en%5D%5B%5D=%3C%2015%20employees&refinementList%5Borganization.size.en%5D%5B%5D=Between%2050%20and%20250%20employees&refinementList%5Borganization.size.en%5D%5B%5D=Between%2015%20and%2050%20employees&refinementList%5Bsectors_name.en.Tech%5D%5B%5D=Artificial%20Intelligence%20%2F%20Machine%20Learning&query=business%20development"
"1611310129-44","https://www.welcometothejungle.com/en/jobs?page=1&aroundQuery=France%2C%20France&refinementList%5Boffice.country_code%5D%5B%5D=FR&refinementList%5Borganization.size.en%5D%5B%5D=%3C%2015%20employees&refinementList%5Borganization.size.en%5D%5B%5D=Between%2050%20and%20250%20employees&refinementList%5Borganization.size.en%5D%5B%5D=Between%2015%20and%2050%20employees&refinementList%5Bsectors_name.en.Tech%5D%5B%5D=Artificial%20Intelligence%20%2F%20Machine%20Learning&query=business%20development","Sales Development Representative (Polish speaking)","Shippeo","Permanent contract","Paris","3 days ago","›","https://www.welcometothejungle.com/en/jobs?page=2&aroundQuery=France%2C%20France&refinementList%5Boffice.country_code%5D%5B%5D=FR&refinementList%5Borganization.size.en%5D%5B%5D=%3C%2015%20employees&refinementList%5Borganization.size.en%5D%5B%5D=Between%2050%20and%20250%20employees&refinementList%5Borganization.size.en%5D%5B%5D=Between%2015%20and%2050%20employees&refinementList%5Bsectors_name.en.Tech%5D%5B%5D=Artificial%20Intelligence%20%2F%20Machine%20Learning&query=business%20development"
"1611310129-45","https://www.welcometothejungle.com/en/jobs?page=1&aroundQuery=France%2C%20France&refinementList%5Boffice.country_code%5D%5B%5D=FR&refinementList%5Borganization.size.en%5D%5B%5D=%3C%2015%20employees&refinementList%5Borganization.size.en%5D%5B%5D=Between%2050%20and%20250%20employees&refinementList%5Borganization.size.en%5D%5B%5D=Between%2015%20and%2050%20employees&refinementList%5Bsectors_name.en.Tech%5D%5B%5D=Artificial%20Intelligence%20%2F%20Machine%20Learning&query=business%20development","Sales Development Representative - FRANCE","Shippeo","Permanent contract","Paris","23 days ago","›","https://www.welcometothejungle.com/en/jobs?page=2&aroundQuery=France%2C%20France&refinementList%5Boffice.country_code%5D%5B%5D=FR&refinementList%5Borganization.size.en%5D%5B%5D=%3C%2015%20employees&refinementList%5Borganization.size.en%5D%5B%5D=Between%2050%20and%20250%20employees&refinementList%5Borganization.size.en%5D%5B%5D=Between%2015%20and%2050%20employees&refinementList%5Bsectors_name.en.Tech%5D%5B%5D=Artificial%20Intelligence%20%2F%20Machine%20Learning&query=business%20development"
"1611310129-46","https://www.welcometothejungle.com/en/jobs?page=1&aroundQuery=France%2C%20France&refinementList%5Boffice.country_code%5D%5B%5D=FR&refinementList%5Borganization.size.en%5D%5B%5D=%3C%2015%20employees&refinementList%5Borganization.size.en%5D%5B%5D=Between%2050%20and%20250%20employees&refinementList%5Borganization.size.en%5D%5B%5D=Between%2015%20and%2050%20employees&refinementList%5Bsectors_name.en.Tech%5D%5B%5D=Artificial%20Intelligence%20%2F%20Machine%20Learning&query=business%20development","STAGE - Business Developer SDR H/F @ Station F","Beamy","Internship","","2 hours ago","›","https://www.welcometothejungle.com/en/jobs?page=2&aroundQuery=France%2C%20France&refinementList%5Boffice.country_code%5D%5B%5D=FR&refinementList%5Borganization.size.en%5D%5B%5D=%3C%2015%20employees&refinementList%5Borganization.size.en%5D%5B%5D=Between%2050%20and%20250%20employees&refinementList%5Borganization.size.en%5D%5B%5D=Between%2015%20and%2050%20employees&refinementList%5Bsectors_name.en.Tech%5D%5B%5D=Artificial%20Intelligence%20%2F%20Machine%20Learning&query=business%20development"
"1611310129-47","https://www.welcometothejungle.com/en/jobs?page=1&aroundQuery=France%2C%20France&refinementList%5Boffice.country_code%5D%5B%5D=FR&refinementList%5Borganization.size.en%5D%5B%5D=%3C%2015%20employees&refinementList%5Borganization.size.en%5D%5B%5D=Between%2050%20and%20250%20employees&refinementList%5Borganization.size.en%5D%5B%5D=Between%2015%20and%2050%20employees&refinementList%5Bsectors_name.en.Tech%5D%5B%5D=Artificial%20Intelligence%20%2F%20Machine%20Learning&query=business%20development","Business Developer","Wefight","Permanent contract","Paris","21 days ago","›","https://www.welcometothejungle.com/en/jobs?page=2&aroundQuery=France%2C%20France&refinementList%5Boffice.country_code%5D%5B%5D=FR&refinementList%5Borganization.size.en%5D%5B%5D=%3C%2015%20employees&refinementList%5Borganization.size.en%5D%5B%5D=Between%2050%20and%20250%20employees&refinementList%5Borganization.size.en%5D%5B%5D=Between%2015%20and%2050%20employees&refinementList%5Bsectors_name.en.Tech%5D%5B%5D=Artificial%20Intelligence%20%2F%20Machine%20Learning&query=business%20development"
"1611310129-48","https://www.welcometothejungle.com/en/jobs?page=1&aroundQuery=France%2C%20France&refinementList%5Boffice.country_code%5D%5B%5D=FR&refinementList%5Borganization.size.en%5D%5B%5D=%3C%2015%20employees&refinementList%5Borganization.size.en%5D%5B%5D=Between%2050%20and%20250%20employees&refinementList%5Borganization.size.en%5D%5B%5D=Between%2015%20and%2050%20employees&refinementList%5Bsectors_name.en.Tech%5D%5B%5D=Artificial%20Intelligence%20%2F%20Machine%20Learning&query=business%20development","Platform Partnerships & Distribution Manager (remote or onsite)","Pandascore","Permanent contract","","18 days ago","›","https://www.welcometothejungle.com/en/jobs?page=2&aroundQuery=France%2C%20France&refinementList%5Boffice.country_code%5D%5B%5D=FR&refinementList%5Borganization.size.en%5D%5B%5D=%3C%2015%20employees&refinementList%5Borganization.size.en%5D%5B%5D=Between%2050%20and%20250%20employees&refinementList%5Borganization.size.en%5D%5B%5D=Between%2015%20and%2050%20employees&refinementList%5Bsectors_name.en.Tech%5D%5B%5D=Artificial%20Intelligence%20%2F%20Machine%20Learning&query=business%20development"
"1611310129-49","https://www.welcometothejungle.com/en/jobs?page=1&aroundQuery=France%2C%20France&refinementList%5Boffice.country_code%5D%5B%5D=FR&refinementList%5Borganization.size.en%5D%5B%5D=%3C%2015%20employees&refinementList%5Borganization.size.en%5D%5B%5D=Between%2050%20and%20250%20employees&refinementList%5Borganization.size.en%5D%5B%5D=Between%2015%20and%2050%20employees&refinementList%5Bsectors_name.en.Tech%5D%5B%5D=Artificial%20Intelligence%20%2F%20Machine%20Learning&query=business%20development","Senior Sales Manager (remote or onsite)","Pandascore","Permanent contract","","18 days ago","›","https://www.welcometothejungle.com/en/jobs?page=2&aroundQuery=France%2C%20France&refinementList%5Boffice.country_code%5D%5B%5D=FR&refinementList%5Borganization.size.en%5D%5B%5D=%3C%2015%20employees&refinementList%5Borganization.size.en%5D%5B%5D=Between%2050%20and%20250%20employees&refinementList%5Borganization.size.en%5D%5B%5D=Between%2015%20and%2050%20employees&refinementList%5Bsectors_name.en.Tech%5D%5B%5D=Artificial%20Intelligence%20%2F%20Machine%20Learning&query=business%20development"
"1611310129-32","https://www.welcometothejungle.com/en/jobs?page=1&aroundQuery=France%2C%20France&refinementList%5Boffice.country_code%5D%5B%5D=FR&refinementList%5Borganization.size.en%5D%5B%5D=%3C%2015%20employees&refinementList%5Borganization.size.en%5D%5B%5D=Between%2050%20and%20250%20employees&refinementList%5Borganization.size.en%5D%5B%5D=Between%2015%20and%2050%20employees&refinementList%5Bsectors_name.en.Tech%5D%5B%5D=Artificial%20Intelligence%20%2F%20Machine%20Learning&query=business%20development","Business Development Representative BtoB (BDR) H/F","Verteego","Permanent contract","Paris","7 days ago","›","https://www.welcometothejungle.com/en/jobs?page=2&aroundQuery=France%2C%20France&refinementList%5Boffice.country_code%5D%5B%5D=FR&refinementList%5Borganization.size.en%5D%5B%5D=%3C%2015%20employees&refinementList%5Borganization.size.en%5D%5B%5D=Between%2050%20and%20250%20employees&refinementList%5Borganization.size.en%5D%5B%5D=Between%2015%20and%2050%20employees&refinementList%5Bsectors_name.en.Tech%5D%5B%5D=Artificial%20Intelligence%20%2F%20Machine%20Learning&query=business%20development"
"1611310129-50","https://www.welcometothejungle.com/en/jobs?page=1&aroundQuery=France%2C%20France&refinementList%5Boffice.country_code%5D%5B%5D=FR&refinementList%5Borganization.size.en%5D%5B%5D=%3C%2015%20employees&refinementList%5Borganization.size.en%5D%5B%5D=Between%2050%20and%20250%20employees&refinementList%5Borganization.size.en%5D%5B%5D=Between%2015%20and%2050%20employees&refinementList%5Bsectors_name.en.Tech%5D%5B%5D=Artificial%20Intelligence%20%2F%20Machine%20Learning&query=business%20development","Russian Speaking Sales Manager (remote or onsite)","Pandascore","Permanent contract","","18 days ago","›","https://www.welcometothejungle.com/en/jobs?page=2&aroundQuery=France%2C%20France&refinementList%5Boffice.country_code%5D%5B%5D=FR&refinementList%5Borganization.size.en%5D%5B%5D=%3C%2015%20employees&refinementList%5Borganization.size.en%5D%5B%5D=Between%2050%20and%20250%20employees&refinementList%5Borganization.size.en%5D%5B%5D=Between%2015%20and%2050%20employees&refinementList%5Bsectors_name.en.Tech%5D%5B%5D=Artificial%20Intelligence%20%2F%20Machine%20Learning&query=business%20development"
"1611310129-51","https://www.welcometothejungle.com/en/jobs?page=1&aroundQuery=France%2C%20France&refinementList%5Boffice.country_code%5D%5B%5D=FR&refinementList%5Borganization.size.en%5D%5B%5D=%3C%2015%20employees&refinementList%5Borganization.size.en%5D%5B%5D=Between%2050%20and%20250%20employees&refinementList%5Borganization.size.en%5D%5B%5D=Between%2015%20and%2050%20employees&refinementList%5Bsectors_name.en.Tech%5D%5B%5D=Artificial%20Intelligence%20%2F%20Machine%20Learning&query=business%20development","Head of Betting Sales (remote or onsite)","Pandascore","Permanent contract","","2 days ago","›","https://www.welcometothejungle.com/en/jobs?page=2&aroundQuery=France%2C%20France&refinementList%5Boffice.country_code%5D%5B%5D=FR&refinementList%5Borganization.size.en%5D%5B%5D=%3C%2015%20employees&refinementList%5Borganization.size.en%5D%5B%5D=Between%2050%20and%20250%20employees&refinementList%5Borganization.size.en%5D%5B%5D=Between%2015%20and%2050%20employees&refinementList%5Bsectors_name.en.Tech%5D%5B%5D=Artificial%20Intelligence%20%2F%20Machine%20Learning&query=business%20development"
"1611310129-52","https://www.welcometothejungle.com/en/jobs?page=1&aroundQuery=France%2C%20France&refinementList%5Boffice.country_code%5D%5B%5D=FR&refinementList%5Borganization.size.en%5D%5B%5D=%3C%2015%20employees&refinementList%5Borganization.size.en%5D%5B%5D=Between%2050%20and%20250%20employees&refinementList%5Borganization.size.en%5D%5B%5D=Between%2015%20and%2050%20employees&refinementList%5Bsectors_name.en.Tech%5D%5B%5D=Artificial%20Intelligence%20%2F%20Machine%20Learning&query=business%20development","Business Developer (stage)","Zelros","Internship","Paris","last month","›","https://www.welcometothejungle.com/en/jobs?page=2&aroundQuery=France%2C%20France&refinementList%5Boffice.country_code%5D%5B%5D=FR&refinementList%5Borganization.size.en%5D%5B%5D=%3C%2015%20employees&refinementList%5Borganization.size.en%5D%5B%5D=Between%2050%20and%20250%20employees&refinementList%5Borganization.size.en%5D%5B%5D=Between%2015%20and%2050%20employees&refinementList%5Bsectors_name.en.Tech%5D%5B%5D=Artificial%20Intelligence%20%2F%20Machine%20Learning&query=business%20development"
"1611310129-53","https://www.welcometothejungle.com/en/jobs?page=1&aroundQuery=France%2C%20France&refinementList%5Boffice.country_code%5D%5B%5D=FR&refinementList%5Borganization.size.en%5D%5B%5D=%3C%2015%20employees&refinementList%5Borganization.size.en%5D%5B%5D=Between%2050%20and%20250%20employees&refinementList%5Borganization.size.en%5D%5B%5D=Between%2015%20and%2050%20employees&refinementList%5Bsectors_name.en.Tech%5D%5B%5D=Artificial%20Intelligence%20%2F%20Machine%20Learning&query=business%20development","Business Developer SDR H/F @ Station F","Beamy","Permanent contract","","14 days ago","›","https://www.welcometothejungle.com/en/jobs?page=2&aroundQuery=France%2C%20France&refinementList%5Boffice.country_code%5D%5B%5D=FR&refinementList%5Borganization.size.en%5D%5B%5D=%3C%2015%20employees&refinementList%5Borganization.size.en%5D%5B%5D=Between%2050%20and%20250%20employees&refinementList%5Borganization.size.en%5D%5B%5D=Between%2015%20and%2050%20employees&refinementList%5Bsectors_name.en.Tech%5D%5B%5D=Artificial%20Intelligence%20%2F%20Machine%20Learning&query=business%20development"
"1611310129-54","https://www.welcometothejungle.com/en/jobs?page=1&aroundQuery=France%2C%20France&refinementList%5Boffice.country_code%5D%5B%5D=FR&refinementList%5Borganization.size.en%5D%5B%5D=%3C%2015%20employees&refinementList%5Borganization.size.en%5D%5B%5D=Between%2050%20and%20250%20employees&refinementList%5Borganization.size.en%5D%5B%5D=Between%2015%20and%2050%20employees&refinementList%5Bsectors_name.en.Tech%5D%5B%5D=Artificial%20Intelligence%20%2F%20Machine%20Learning&query=business%20development","Key Account Manager","Wefight","Permanent contract","Paris","11 days ago","›","https://www.welcometothejungle.com/en/jobs?page=2&aroundQuery=France%2C%20France&refinementList%5Boffice.country_code%5D%5B%5D=FR&refinementList%5Borganization.size.en%5D%5B%5D=%3C%2015%20employees&refinementList%5Borganization.size.en%5D%5B%5D=Between%2050%20and%20250%20employees&refinementList%5Borganization.size.en%5D%5B%5D=Between%2015%20and%2050%20employees&refinementList%5Bsectors_name.en.Tech%5D%5B%5D=Artificial%20Intelligence%20%2F%20Machine%20Learning&query=business%20development"
"1611310129-55","https://www.welcometothejungle.com/en/jobs?page=1&aroundQuery=France%2C%20France&refinementList%5Boffice.country_code%5D%5B%5D=FR&refinementList%5Borganization.size.en%5D%5B%5D=%3C%2015%20employees&refinementList%5Borganization.size.en%5D%5B%5D=Between%2050%20and%20250%20employees&refinementList%5Borganization.size.en%5D%5B%5D=Between%2015%20and%2050%20employees&refinementList%5Bsectors_name.en.Tech%5D%5B%5D=Artificial%20Intelligence%20%2F%20Machine%20Learning&query=business%20development","Business Developer Chimie Verte","Technofounders","Permanent contract","Montpellier","18 hours ago","›","https://www.welcometothejungle.com/en/jobs?page=2&aroundQuery=France%2C%20France&refinementList%5Boffice.country_code%5D%5B%5D=FR&refinementList%5Borganization.size.en%5D%5B%5D=%3C%2015%20employees&refinementList%5Borganization.size.en%5D%5B%5D=Between%2050%20and%20250%20employees&refinementList%5Borganization.size.en%5D%5B%5D=Between%2015%20and%2050%20employees&refinementList%5Bsectors_name.en.Tech%5D%5B%5D=Artificial%20Intelligence%20%2F%20Machine%20Learning&query=business%20development"
"1611310129-56","https://www.welcometothejungle.com/en/jobs?page=1&aroundQuery=France%2C%20France&refinementList%5Boffice.country_code%5D%5B%5D=FR&refinementList%5Borganization.size.en%5D%5B%5D=%3C%2015%20employees&refinementList%5Borganization.size.en%5D%5B%5D=Between%2050%20and%20250%20employees&refinementList%5Borganization.size.en%5D%5B%5D=Between%2015%20and%2050%20employees&refinementList%5Bsectors_name.en.Tech%5D%5B%5D=Artificial%20Intelligence%20%2F%20Machine%20Learning&query=business%20development","Business Developer (H-F)","Golden Bees","Permanent contract","Paris","21 hours ago","›","https://www.welcometothejungle.com/en/jobs?page=2&aroundQuery=France%2C%20France&refinementList%5Boffice.country_code%5D%5B%5D=FR&refinementList%5Borganization.size.en%5D%5B%5D=%3C%2015%20employees&refinementList%5Borganization.size.en%5D%5B%5D=Between%2050%20and%20250%20employees&refinementList%5Borganization.size.en%5D%5B%5D=Between%2015%20and%2050%20employees&refinementList%5Bsectors_name.en.Tech%5D%5B%5D=Artificial%20Intelligence%20%2F%20Machine%20Learning&query=business%20development"
"1611310129-57","https://www.welcometothejungle.com/en/jobs?page=1&aroundQuery=France%2C%20France&refinementList%5Boffice.country_code%5D%5B%5D=FR&refinementList%5Borganization.size.en%5D%5B%5D=%3C%2015%20employees&refinementList%5Borganization.size.en%5D%5B%5D=Between%2050%20and%20250%20employees&refinementList%5Borganization.size.en%5D%5B%5D=Between%2015%20and%2050%20employees&refinementList%5Bsectors_name.en.Tech%5D%5B%5D=Artificial%20Intelligence%20%2F%20Machine%20Learning&query=business%20development","Sales Account Executive","Joko","Permanent contract","","yesterday","›","https://www.welcometothejungle.com/en/jobs?page=2&aroundQuery=France%2C%20France&refinementList%5Boffice.country_code%5D%5B%5D=FR&refinementList%5Borganization.size.en%5D%5B%5D=%3C%2015%20employees&refinementList%5Borganization.size.en%5D%5B%5D=Between%2050%20and%20250%20employees&refinementList%5Borganization.size.en%5D%5B%5D=Between%2015%20and%2050%20employees&refinementList%5Bsectors_name.en.Tech%5D%5B%5D=Artificial%20Intelligence%20%2F%20Machine%20Learning&query=business%20development"
"1611310129-58","https://www.welcometothejungle.com/en/jobs?page=1&aroundQuery=France%2C%20France&refinementList%5Boffice.country_code%5D%5B%5D=FR&refinementList%5Borganization.size.en%5D%5B%5D=%3C%2015%20employees&refinementList%5Borganization.size.en%5D%5B%5D=Between%2050%20and%20250%20employees&refinementList%5Borganization.size.en%5D%5B%5D=Between%2015%20and%2050%20employees&refinementList%5Bsectors_name.en.Tech%5D%5B%5D=Artificial%20Intelligence%20%2F%20Machine%20Learning&query=business%20development","Business developer - End of studies internship","Joko","Internship","Paris","yesterday","›","https://www.welcometothejungle.com/en/jobs?page=2&aroundQuery=France%2C%20France&refinementList%5Boffice.country_code%5D%5B%5D=FR&refinementList%5Borganization.size.en%5D%5B%5D=%3C%2015%20employees&refinementList%5Borganization.size.en%5D%5B%5D=Between%2050%20and%20250%20employees&refinementList%5Borganization.size.en%5D%5B%5D=Between%2015%20and%2050%20employees&refinementList%5Bsectors_name.en.Tech%5D%5B%5D=Artificial%20Intelligence%20%2F%20Machine%20Learning&query=business%20development"
"1611310129-59","https://www.welcometothejungle.com/en/jobs?page=1&aroundQuery=France%2C%20France&refinementList%5Boffice.country_code%5D%5B%5D=FR&refinementList%5Borganization.size.en%5D%5B%5D=%3C%2015%20employees&refinementList%5Borganization.size.en%5D%5B%5D=Between%2050%20and%20250%20employees&refinementList%5Borganization.size.en%5D%5B%5D=Between%2015%20and%2050%20employees&refinementList%5Bsectors_name.en.Tech%5D%5B%5D=Artificial%20Intelligence%20%2F%20Machine%20Learning&query=business%20development","Senior Sales Executive H/F @Station F","Beamy","Permanent contract","","2 days ago","›","https://www.welcometothejungle.com/en/jobs?page=2&aroundQuery=France%2C%20France&refinementList%5Boffice.country_code%5D%5B%5D=FR&refinementList%5Borganization.size.en%5D%5B%5D=%3C%2015%20employees&refinementList%5Borganization.size.en%5D%5B%5D=Between%2050%20and%20250%20employees&refinementList%5Borganization.size.en%5D%5B%5D=Between%2015%20and%2050%20employees&refinementList%5Bsectors_name.en.Tech%5D%5B%5D=Artificial%20Intelligence%20%2F%20Machine%20Learning&query=business%20development"
"1611310129-33","https://www.welcometothejungle.com/en/jobs?page=1&aroundQuery=France%2C%20France&refinementList%5Boffice.country_code%5D%5B%5D=FR&refinementList%5Borganization.size.en%5D%5B%5D=%3C%2015%20employees&refinementList%5Borganization.size.en%5D%5B%5D=Between%2050%20and%20250%20employees&refinementList%5Borganization.size.en%5D%5B%5D=Between%2015%20and%2050%20employees&refinementList%5Bsectors_name.en.Tech%5D%5B%5D=Artificial%20Intelligence%20%2F%20Machine%20Learning&query=business%20development","Business Development Representative BtoB (BDR) H/F","Verteego","Permanent contract","Nantes","7 days ago","›","https://www.welcometothejungle.com/en/jobs?page=2&aroundQuery=France%2C%20France&refinementList%5Boffice.country_code%5D%5B%5D=FR&refinementList%5Borganization.size.en%5D%5B%5D=%3C%2015%20employees&refinementList%5Borganization.size.en%5D%5B%5D=Between%2050%20and%20250%20employees&refinementList%5Borganization.size.en%5D%5B%5D=Between%2015%20and%2050%20employees&refinementList%5Bsectors_name.en.Tech%5D%5B%5D=Artificial%20Intelligence%20%2F%20Machine%20Learning&query=business%20development"
"1611310129-60","https://www.welcometothejungle.com/en/jobs?page=1&aroundQuery=France%2C%20France&refinementList%5Boffice.country_code%5D%5B%5D=FR&refinementList%5Borganization.size.en%5D%5B%5D=%3C%2015%20employees&refinementList%5Borganization.size.en%5D%5B%5D=Between%2050%20and%20250%20employees&refinementList%5Borganization.size.en%5D%5B%5D=Between%2015%20and%2050%20employees&refinementList%5Bsectors_name.en.Tech%5D%5B%5D=Artificial%20Intelligence%20%2F%20Machine%20Learning&query=business%20development","Key Account Manager - Stage Retail/Tech","ARMIS","Internship","Paris","3 days ago","›","https://www.welcometothejungle.com/en/jobs?page=2&aroundQuery=France%2C%20France&refinementList%5Boffice.country_code%5D%5B%5D=FR&refinementList%5Borganization.size.en%5D%5B%5D=%3C%2015%20employees&refinementList%5Borganization.size.en%5D%5B%5D=Between%2050%20and%20250%20employees&refinementList%5Borganization.size.en%5D%5B%5D=Between%2015%20and%2050%20employees&refinementList%5Bsectors_name.en.Tech%5D%5B%5D=Artificial%20Intelligence%20%2F%20Machine%20Learning&query=business%20development"
"1611310129-34","https://www.welcometothejungle.com/en/jobs?page=1&aroundQuery=France%2C%20France&refinementList%5Boffice.country_code%5D%5B%5D=FR&refinementList%5Borganization.size.en%5D%5B%5D=%3C%2015%20employees&refinementList%5Borganization.size.en%5D%5B%5D=Between%2050%20and%20250%20employees&refinementList%5Borganization.size.en%5D%5B%5D=Between%2015%20and%2050%20employees&refinementList%5Bsectors_name.en.Tech%5D%5B%5D=Artificial%20Intelligence%20%2F%20Machine%20Learning&query=business%20development","Business Development Manager H/F","XXII GROUP","Permanent contract","Suresnes","10 days ago","›","https://www.welcometothejungle.com/en/jobs?page=2&aroundQuery=France%2C%20France&refinementList%5Boffice.country_code%5D%5B%5D=FR&refinementList%5Borganization.size.en%5D%5B%5D=%3C%2015%20employees&refinementList%5Borganization.size.en%5D%5B%5D=Between%2050%20and%20250%20employees&refinementList%5Borganization.size.en%5D%5B%5D=Between%2015%20and%2050%20employees&refinementList%5Bsectors_name.en.Tech%5D%5B%5D=Artificial%20Intelligence%20%2F%20Machine%20Learning&query=business%20development"
"1611310129-35","https://www.welcometothejungle.com/en/jobs?page=1&aroundQuery=France%2C%20France&refinementList%5Boffice.country_code%5D%5B%5D=FR&refinementList%5Borganization.size.en%5D%5B%5D=%3C%2015%20employees&refinementList%5Borganization.size.en%5D%5B%5D=Between%2050%20and%20250%20employees&refinementList%5Borganization.size.en%5D%5B%5D=Between%2015%20and%2050%20employees&refinementList%5Bsectors_name.en.Tech%5D%5B%5D=Artificial%20Intelligence%20%2F%20Machine%20Learning&query=business%20development","Business Development Representative","FieldBox.ai","Permanent contract","Bordeaux","2 months ago","›","https://www.welcometothejungle.com/en/jobs?page=2&aroundQuery=France%2C%20France&refinementList%5Boffice.country_code%5D%5B%5D=FR&refinementList%5Borganization.size.en%5D%5B%5D=%3C%2015%20employees&refinementList%5Borganization.size.en%5D%5B%5D=Between%2050%20and%20250%20employees&refinementList%5Borganization.size.en%5D%5B%5D=Between%2015%20and%2050%20employees&refinementList%5Bsectors_name.en.Tech%5D%5B%5D=Artificial%20Intelligence%20%2F%20Machine%20Learning&query=business%20development"
"1611310129-36","https://www.welcometothejungle.com/en/jobs?page=1&aroundQuery=France%2C%20France&refinementList%5Boffice.country_code%5D%5B%5D=FR&refinementList%5Borganization.size.en%5D%5B%5D=%3C%2015%20employees&refinementList%5Borganization.size.en%5D%5B%5D=Between%2050%20and%20250%20employees&refinementList%5Borganization.size.en%5D%5B%5D=Between%2015%20and%2050%20employees&refinementList%5Bsectors_name.en.Tech%5D%5B%5D=Artificial%20Intelligence%20%2F%20Machine%20Learning&query=business%20development","Stage Business Development & Marketing","Cyclope.ai","Internship","","7 days ago","›","https://www.welcometothejungle.com/en/jobs?page=2&aroundQuery=France%2C%20France&refinementList%5Boffice.country_code%5D%5B%5D=FR&refinementList%5Borganization.size.en%5D%5B%5D=%3C%2015%20employees&refinementList%5Borganization.size.en%5D%5B%5D=Between%2050%20and%20250%20employees&refinementList%5Borganization.size.en%5D%5B%5D=Between%2015%20and%2050%20employees&refinementList%5Bsectors_name.en.Tech%5D%5B%5D=Artificial%20Intelligence%20%2F%20Machine%20Learning&query=business%20development"
"1611310129-37","https://www.welcometothejungle.com/en/jobs?page=1&aroundQuery=France%2C%20France&refinementList%5Boffice.country_code%5D%5B%5D=FR&refinementList%5Borganization.size.en%5D%5B%5D=%3C%2015%20employees&refinementList%5Borganization.size.en%5D%5B%5D=Between%2050%20and%20250%20employees&refinementList%5Borganization.size.en%5D%5B%5D=Between%2015%20and%2050%20employees&refinementList%5Bsectors_name.en.Tech%5D%5B%5D=Artificial%20Intelligence%20%2F%20Machine%20Learning&query=business%20development","STAGE - business development - Localisation des personnes","SYSNAV","Internship","Vernon","25 days ago","›","https://www.welcometothejungle.com/en/jobs?page=2&aroundQuery=France%2C%20France&refinementList%5Boffice.country_code%5D%5B%5D=FR&refinementList%5Borganization.size.en%5D%5B%5D=%3C%2015%20employees&refinementList%5Borganization.size.en%5D%5B%5D=Between%2050%20and%20250%20employees&refinementList%5Borganization.size.en%5D%5B%5D=Between%2015%20and%2050%20employees&refinementList%5Bsectors_name.en.Tech%5D%5B%5D=Artificial%20Intelligence%20%2F%20Machine%20Learning&query=business%20development"
"1611310129-38","https://www.welcometothejungle.com/en/jobs?page=1&aroundQuery=France%2C%20France&refinementList%5Boffice.country_code%5D%5B%5D=FR&refinementList%5Borganization.size.en%5D%5B%5D=%3C%2015%20employees&refinementList%5Borganization.size.en%5D%5B%5D=Between%2050%20and%20250%20employees&refinementList%5Borganization.size.en%5D%5B%5D=Between%2015%20and%2050%20employees&refinementList%5Bsectors_name.en.Tech%5D%5B%5D=Artificial%20Intelligence%20%2F%20Machine%20Learning&query=business%20development","STAGE - business development - Médical","SYSNAV","Internship","Vernon","25 days ago","›","https://www.welcometothejungle.com/en/jobs?page=2&aroundQuery=France%2C%20France&refinementList%5Boffice.country_code%5D%5B%5D=FR&refinementList%5Borganization.size.en%5D%5B%5D=%3C%2015%20employees&refinementList%5Borganization.size.en%5D%5B%5D=Between%2050%20and%20250%20employees&refinementList%5Borganization.size.en%5D%5B%5D=Between%2015%20and%2050%20employees&refinementList%5Bsectors_name.en.Tech%5D%5B%5D=Artificial%20Intelligence%20%2F%20Machine%20Learning&query=business%20development"
"1611310129-39","https://www.welcometothejungle.com/en/jobs?page=1&aroundQuery=France%2C%20France&refinementList%5Boffice.country_code%5D%5B%5D=FR&refinementList%5Borganization.size.en%5D%5B%5D=%3C%2015%20employees&refinementList%5Borganization.size.en%5D%5B%5D=Between%2050%20and%20250%20employees&refinementList%5Borganization.size.en%5D%5B%5D=Between%2015%20and%2050%20employees&refinementList%5Bsectors_name.en.Tech%5D%5B%5D=Artificial%20Intelligence%20%2F%20Machine%20Learning&query=business%20development","Stage Business Development B2B - Nouveau business","Dotaki","Internship","Paris","last month","›","https://www.welcometothejungle.com/en/jobs?page=2&aroundQuery=France%2C%20France&refinementList%5Boffice.country_code%5D%5B%5D=FR&refinementList%5Borganization.size.en%5D%5B%5D=%3C%2015%20employees&refinementList%5Borganization.size.en%5D%5B%5D=Between%2050%20and%20250%20employees&refinementList%5Borganization.size.en%5D%5B%5D=Between%2015%20and%2050%20employees&refinementList%5Bsectors_name.en.Tech%5D%5B%5D=Artificial%20Intelligence%20%2F%20Machine%20Learning&query=business%20development"
"1611310138-61","https://www.welcometothejungle.com/en/jobs?page=1&aroundQuery=France%2C%20France&refinementList%5Boffice.country_code%5D%5B%5D=FR&refinementList%5Borganization.size.en%5D%5B%5D=%3C%2015%20employees&refinementList%5Borganization.size.en%5D%5B%5D=Between%2050%20and%20250%20employees&refinementList%5Borganization.size.en%5D%5B%5D=Between%2015%20and%2050%20employees&refinementList%5Bsectors_name.en.Tech%5D%5B%5D=Artificial%20Intelligence%20%2F%20Machine%20Learning&query=business%20development","Business Development Representative B2C - EdTech (H/F) Paris","Dream Catcher Sales","Freelance","Paris","1 hour ago","›","https://www.welcometothejungle.com/en/jobs?page=3&aroundQuery=France%2C%20France&refinementList%5Boffice.country_code%5D%5B%5D=FR&refinementList%5Borganization.size.en%5D%5B%5D=%3C%2015%20employees&refinementList%5Borganization.size.en%5D%5B%5D=Between%2050%20and%20250%20employees&refinementList%5Borganization.size.en%5D%5B%5D=Between%2015%20and%2050%20employees&refinementList%5Bsectors_name.en.Tech%5D%5B%5D=Artificial%20Intelligence%20%2F%20Machine%20Learning&query=business%20development"
"1611310138-70","https://www.welcometothejungle.com/en/jobs?page=1&aroundQuery=France%2C%20France&refinementList%5Boffice.country_code%5D%5B%5D=FR&refinementList%5Borganization.size.en%5D%5B%5D=%3C%2015%20employees&refinementList%5Borganization.size.en%5D%5B%5D=Between%2050%20and%20250%20employees&refinementList%5Borganization.size.en%5D%5B%5D=Between%2015%20and%2050%20employees&refinementList%5Bsectors_name.en.Tech%5D%5B%5D=Artificial%20Intelligence%20%2F%20Machine%20Learning&query=business%20development","Business development intern","Swan","Internship","Paris","4 days ago","›","https://www.welcometothejungle.com/en/jobs?page=3&aroundQuery=France%2C%20France&refinementList%5Boffice.country_code%5D%5B%5D=FR&refinementList%5Borganization.size.en%5D%5B%5D=%3C%2015%20employees&refinementList%5Borganization.size.en%5D%5B%5D=Between%2050%20and%20250%20employees&refinementList%5Borganization.size.en%5D%5B%5D=Between%2015%20and%2050%20employees&refinementList%5Bsectors_name.en.Tech%5D%5B%5D=Artificial%20Intelligence%20%2F%20Machine%20Learning&query=business%20development"
"1611310138-71","https://www.welcometothejungle.com/en/jobs?page=1&aroundQuery=France%2C%20France&refinementList%5Boffice.country_code%5D%5B%5D=FR&refinementList%5Borganization.size.en%5D%5B%5D=%3C%2015%20employees&refinementList%5Borganization.size.en%5D%5B%5D=Between%2050%20and%20250%20employees&refinementList%5Borganization.size.en%5D%5B%5D=Between%2015%20and%2050%20employees&refinementList%5Bsectors_name.en.Tech%5D%5B%5D=Artificial%20Intelligence%20%2F%20Machine%20Learning&query=business%20development","Business Development Representative - Stage de fin d'études - Juillet 2021","PlayPlay","Internship","Paris","4 days ago","›","https://www.welcometothejungle.com/en/jobs?page=3&aroundQuery=France%2C%20France&refinementList%5Boffice.country_code%5D%5B%5D=FR&refinementList%5Borganization.size.en%5D%5B%5D=%3C%2015%20employees&refinementList%5Borganization.size.en%5D%5B%5D=Between%2050%20and%20250%20employees&refinementList%5Borganization.size.en%5D%5B%5D=Between%2015%20and%2050%20employees&refinementList%5Bsectors_name.en.Tech%5D%5B%5D=Artificial%20Intelligence%20%2F%20Machine%20Learning&query=business%20development"
"1611310138-72","https://www.welcometothejungle.com/en/jobs?page=1&aroundQuery=France%2C%20France&refinementList%5Boffice.country_code%5D%5B%5D=FR&refinementList%5Borganization.size.en%5D%5B%5D=%3C%2015%20employees&refinementList%5Borganization.size.en%5D%5B%5D=Between%2050%20and%20250%20employees&refinementList%5Borganization.size.en%5D%5B%5D=Between%2015%20and%2050%20employees&refinementList%5Bsectors_name.en.Tech%5D%5B%5D=Artificial%20Intelligence%20%2F%20Machine%20Learning&query=business%20development","Business Development Representative - Stage de fin d'études - ASAP","PlayPlay","Internship","Paris","4 days ago","›","https://www.welcometothejungle.com/en/jobs?page=3&aroundQuery=France%2C%20France&refinementList%5Boffice.country_code%5D%5B%5D=FR&refinementList%5Borganization.size.en%5D%5B%5D=%3C%2015%20employees&refinementList%5Borganization.size.en%5D%5B%5D=Between%2050%20and%20250%20employees&refinementList%5Borganization.size.en%5D%5B%5D=Between%2015%20and%2050%20employees&refinementList%5Bsectors_name.en.Tech%5D%5B%5D=Artificial%20Intelligence%20%2F%20Machine%20Learning&query=business%20development"
"1611310138-73","https://www.welcometothejungle.com/en/jobs?page=1&aroundQuery=France%2C%20France&refinementList%5Boffice.country_code%5D%5B%5D=FR&refinementList%5Borganization.size.en%5D%5B%5D=%3C%2015%20employees&refinementList%5Borganization.size.en%5D%5B%5D=Between%2050%20and%20250%20employees&refinementList%5Borganization.size.en%5D%5B%5D=Between%2015%20and%2050%20employees&refinementList%5Bsectors_name.en.Tech%5D%5B%5D=Artificial%20Intelligence%20%2F%20Machine%20Learning&query=business%20development","Business Development Representative","PlayPlay","Permanent contract","Paris","4 days ago","›","https://www.welcometothejungle.com/en/jobs?page=3&aroundQuery=France%2C%20France&refinementList%5Boffice.country_code%5D%5B%5D=FR&refinementList%5Borganization.size.en%5D%5B%5D=%3C%2015%20employees&refinementList%5Borganization.size.en%5D%5B%5D=Between%2050%20and%20250%20employees&refinementList%5Borganization.size.en%5D%5B%5D=Between%2015%20and%2050%20employees&refinementList%5Bsectors_name.en.Tech%5D%5B%5D=Artificial%20Intelligence%20%2F%20Machine%20Learning&query=business%20development"
"1611310138-74","https://www.welcometothejungle.com/en/jobs?page=1&aroundQuery=France%2C%20France&refinementList%5Boffice.country_code%5D%5B%5D=FR&refinementList%5Borganization.size.en%5D%5B%5D=%3C%2015%20employees&refinementList%5Borganization.size.en%5D%5B%5D=Between%2050%20and%20250%20employees&refinementList%5Borganization.size.en%5D%5B%5D=Between%2015%20and%2050%20employees&refinementList%5Bsectors_name.en.Tech%5D%5B%5D=Artificial%20Intelligence%20%2F%20Machine%20Learning&query=business%20development","Business Development Representative France H/F","MYTRAFFIC","Permanent contract","Paris","4 days ago","›","https://www.welcometothejungle.com/en/jobs?page=3&aroundQuery=France%2C%20France&refinementList%5Boffice.country_code%5D%5B%5D=FR&refinementList%5Borganization.size.en%5D%5B%5D=%3C%2015%20employees&refinementList%5Borganization.size.en%5D%5B%5D=Between%2050%20and%20250%20employees&refinementList%5Borganization.size.en%5D%5B%5D=Between%2015%20and%2050%20employees&refinementList%5Bsectors_name.en.Tech%5D%5B%5D=Artificial%20Intelligence%20%2F%20Machine%20Learning&query=business%20development"
"1611310138-75","https://www.welcometothejungle.com/en/jobs?page=1&aroundQuery=France%2C%20France&refinementList%5Boffice.country_code%5D%5B%5D=FR&refinementList%5Borganization.size.en%5D%5B%5D=%3C%2015%20employees&refinementList%5Borganization.size.en%5D%5B%5D=Between%2050%20and%20250%20employees&refinementList%5Borganization.size.en%5D%5B%5D=Between%2015%20and%2050%20employees&refinementList%5Bsectors_name.en.Tech%5D%5B%5D=Artificial%20Intelligence%20%2F%20Machine%20Learning&query=business%20development","Business Development Representative BtoB (BDR) H/F","Verteego","Permanent contract","Paris","7 days ago","›","https://www.welcometothejungle.com/en/jobs?page=3&aroundQuery=France%2C%20France&refinementList%5Boffice.country_code%5D%5B%5D=FR&refinementList%5Borganization.size.en%5D%5B%5D=%3C%2015%20employees&refinementList%5Borganization.size.en%5D%5B%5D=Between%2050%20and%20250%20employees&refinementList%5Borganization.size.en%5D%5B%5D=Between%2015%20and%2050%20employees&refinementList%5Bsectors_name.en.Tech%5D%5B%5D=Artificial%20Intelligence%20%2F%20Machine%20Learning&query=business%20development"
"1611310138-76","https://www.welcometothejungle.com/en/jobs?page=1&aroundQuery=France%2C%20France&refinementList%5Boffice.country_code%5D%5B%5D=FR&refinementList%5Borganization.size.en%5D%5B%5D=%3C%2015%20employees&refinementList%5Borganization.size.en%5D%5B%5D=Between%2050%20and%20250%20employees&refinementList%5Borganization.size.en%5D%5B%5D=Between%2015%20and%2050%20employees&refinementList%5Bsectors_name.en.Tech%5D%5B%5D=Artificial%20Intelligence%20%2F%20Machine%20Learning&query=business%20development","Business Development Representative BtoB (BDR) H/F","Verteego","Permanent contract","Nantes","7 days ago","›","https://www.welcometothejungle.com/en/jobs?page=3&aroundQuery=France%2C%20France&refinementList%5Boffice.country_code%5D%5B%5D=FR&refinementList%5Borganization.size.en%5D%5B%5D=%3C%2015%20employees&refinementList%5Borganization.size.en%5D%5B%5D=Between%2050%20and%20250%20employees&refinementList%5Borganization.size.en%5D%5B%5D=Between%2015%20and%2050%20employees&refinementList%5Bsectors_name.en.Tech%5D%5B%5D=Artificial%20Intelligence%20%2F%20Machine%20Learning&query=business%20development"
"1611310138-77","https://www.welcometothejungle.com/en/jobs?page=1&aroundQuery=France%2C%20France&refinementList%5Boffice.country_code%5D%5B%5D=FR&refinementList%5Borganization.size.en%5D%5B%5D=%3C%2015%20employees&refinementList%5Borganization.size.en%5D%5B%5D=Between%2050%20and%20250%20employees&refinementList%5Borganization.size.en%5D%5B%5D=Between%2015%20and%2050%20employees&refinementList%5Bsectors_name.en.Tech%5D%5B%5D=Artificial%20Intelligence%20%2F%20Machine%20Learning&query=business%20development","Business Development Representative","Front","Permanent contract","Paris 3e arrondissement","7 days ago","›","https://www.welcometothejungle.com/en/jobs?page=3&aroundQuery=France%2C%20France&refinementList%5Boffice.country_code%5D%5B%5D=FR&refinementList%5Borganization.size.en%5D%5B%5D=%3C%2015%20employees&refinementList%5Borganization.size.en%5D%5B%5D=Between%2050%20and%20250%20employees&refinementList%5Borganization.size.en%5D%5B%5D=Between%2015%20and%2050%20employees&refinementList%5Bsectors_name.en.Tech%5D%5B%5D=Artificial%20Intelligence%20%2F%20Machine%20Learning&query=business%20development"
"1611310138-78","https://www.welcometothejungle.com/en/jobs?page=1&aroundQuery=France%2C%20France&refinementList%5Boffice.country_code%5D%5B%5D=FR&refinementList%5Borganization.size.en%5D%5B%5D=%3C%2015%20employees&refinementList%5Borganization.size.en%5D%5B%5D=Between%2050%20and%20250%20employees&refinementList%5Borganization.size.en%5D%5B%5D=Between%2015%20and%2050%20employees&refinementList%5Bsectors_name.en.Tech%5D%5B%5D=Artificial%20Intelligence%20%2F%20Machine%20Learning&query=business%20development","Business Development Manager Middle East and Turkey (H/F)","METRON","Permanent contract","","9 days ago","›","https://www.welcometothejungle.com/en/jobs?page=3&aroundQuery=France%2C%20France&refinementList%5Boffice.country_code%5D%5B%5D=FR&refinementList%5Borganization.size.en%5D%5B%5D=%3C%2015%20employees&refinementList%5Borganization.size.en%5D%5B%5D=Between%2050%20and%20250%20employees&refinementList%5Borganization.size.en%5D%5B%5D=Between%2015%20and%2050%20employees&refinementList%5Bsectors_name.en.Tech%5D%5B%5D=Artificial%20Intelligence%20%2F%20Machine%20Learning&query=business%20development"
"1611310138-79","https://www.welcometothejungle.com/en/jobs?page=1&aroundQuery=France%2C%20France&refinementList%5Boffice.country_code%5D%5B%5D=FR&refinementList%5Borganization.size.en%5D%5B%5D=%3C%2015%20employees&refinementList%5Borganization.size.en%5D%5B%5D=Between%2050%20and%20250%20employees&refinementList%5Borganization.size.en%5D%5B%5D=Between%2015%20and%2050%20employees&refinementList%5Bsectors_name.en.Tech%5D%5B%5D=Artificial%20Intelligence%20%2F%20Machine%20Learning&query=business%20development","Business Development Manager","finfrog","Permanent contract","Paris","9 days ago","›","https://www.welcometothejungle.com/en/jobs?page=3&aroundQuery=France%2C%20France&refinementList%5Boffice.country_code%5D%5B%5D=FR&refinementList%5Borganization.size.en%5D%5B%5D=%3C%2015%20employees&refinementList%5Borganization.size.en%5D%5B%5D=Between%2050%20and%20250%20employees&refinementList%5Borganization.size.en%5D%5B%5D=Between%2015%20and%2050%20employees&refinementList%5Bsectors_name.en.Tech%5D%5B%5D=Artificial%20Intelligence%20%2F%20Machine%20Learning&query=business%20development"
"1611310138-62","https://www.welcometothejungle.com/en/jobs?page=1&aroundQuery=France%2C%20France&refinementList%5Boffice.country_code%5D%5B%5D=FR&refinementList%5Borganization.size.en%5D%5B%5D=%3C%2015%20employees&refinementList%5Borganization.size.en%5D%5B%5D=Between%2050%20and%20250%20employees&refinementList%5Borganization.size.en%5D%5B%5D=Between%2015%20and%2050%20employees&refinementList%5Bsectors_name.en.Tech%5D%5B%5D=Artificial%20Intelligence%20%2F%20Machine%20Learning&query=business%20development","Business Development Representative- France","Powell Software","Permanent contract","","19 hours ago","›","https://www.welcometothejungle.com/en/jobs?page=3&aroundQuery=France%2C%20France&refinementList%5Boffice.country_code%5D%5B%5D=FR&refinementList%5Borganization.size.en%5D%5B%5D=%3C%2015%20employees&refinementList%5Borganization.size.en%5D%5B%5D=Between%2050%20and%20250%20employees&refinementList%5Borganization.size.en%5D%5B%5D=Between%2015%20and%2050%20employees&refinementList%5Bsectors_name.en.Tech%5D%5B%5D=Artificial%20Intelligence%20%2F%20Machine%20Learning&query=business%20development"
"1611310138-80","https://www.welcometothejungle.com/en/jobs?page=1&aroundQuery=France%2C%20France&refinementList%5Boffice.country_code%5D%5B%5D=FR&refinementList%5Borganization.size.en%5D%5B%5D=%3C%2015%20employees&refinementList%5Borganization.size.en%5D%5B%5D=Between%2050%20and%20250%20employees&refinementList%5Borganization.size.en%5D%5B%5D=Between%2015%20and%2050%20employees&refinementList%5Bsectors_name.en.Tech%5D%5B%5D=Artificial%20Intelligence%20%2F%20Machine%20Learning&query=business%20development","Business Development Manager H/F","XXII GROUP","Permanent contract","Suresnes","10 days ago","›","https://www.welcometothejungle.com/en/jobs?page=3&aroundQuery=France%2C%20France&refinementList%5Boffice.country_code%5D%5B%5D=FR&refinementList%5Borganization.size.en%5D%5B%5D=%3C%2015%20employees&refinementList%5Borganization.size.en%5D%5B%5D=Between%2050%20and%20250%20employees&refinementList%5Borganization.size.en%5D%5B%5D=Between%2015%20and%2050%20employees&refinementList%5Bsectors_name.en.Tech%5D%5B%5D=Artificial%20Intelligence%20%2F%20Machine%20Learning&query=business%20development"
"1611310138-81","https://www.welcometothejungle.com/en/jobs?page=1&aroundQuery=France%2C%20France&refinementList%5Boffice.country_code%5D%5B%5D=FR&refinementList%5Borganization.size.en%5D%5B%5D=%3C%2015%20employees&refinementList%5Borganization.size.en%5D%5B%5D=Between%2050%20and%20250%20employees&refinementList%5Borganization.size.en%5D%5B%5D=Between%2015%20and%2050%20employees&refinementList%5Bsectors_name.en.Tech%5D%5B%5D=Artificial%20Intelligence%20%2F%20Machine%20Learning&query=business%20development","Business Development and Communications Manager - OTT Industry (H/F)","Molotov","Permanent contract","","11 days ago","›","https://www.welcometothejungle.com/en/jobs?page=3&aroundQuery=France%2C%20France&refinementList%5Boffice.country_code%5D%5B%5D=FR&refinementList%5Borganization.size.en%5D%5B%5D=%3C%2015%20employees&refinementList%5Borganization.size.en%5D%5B%5D=Between%2050%20and%20250%20employees&refinementList%5Borganization.size.en%5D%5B%5D=Between%2015%20and%2050%20employees&refinementList%5Bsectors_name.en.Tech%5D%5B%5D=Artificial%20Intelligence%20%2F%20Machine%20Learning&query=business%20development"
"1611310138-82","https://www.welcometothejungle.com/en/jobs?page=1&aroundQuery=France%2C%20France&refinementList%5Boffice.country_code%5D%5B%5D=FR&refinementList%5Borganization.size.en%5D%5B%5D=%3C%2015%20employees&refinementList%5Borganization.size.en%5D%5B%5D=Between%2050%20and%20250%20employees&refinementList%5Borganization.size.en%5D%5B%5D=Between%2015%20and%2050%20employees&refinementList%5Bsectors_name.en.Tech%5D%5B%5D=Artificial%20Intelligence%20%2F%20Machine%20Learning&query=business%20development","Business Development Manager","Cafeyn","Permanent contract","Paris","11 days ago","›","https://www.welcometothejungle.com/en/jobs?page=3&aroundQuery=France%2C%20France&refinementList%5Boffice.country_code%5D%5B%5D=FR&refinementList%5Borganization.size.en%5D%5B%5D=%3C%2015%20employees&refinementList%5Borganization.size.en%5D%5B%5D=Between%2050%20and%20250%20employees&refinementList%5Borganization.size.en%5D%5B%5D=Between%2015%20and%2050%20employees&refinementList%5Bsectors_name.en.Tech%5D%5B%5D=Artificial%20Intelligence%20%2F%20Machine%20Learning&query=business%20development"
"1611310138-83","https://www.welcometothejungle.com/en/jobs?page=1&aroundQuery=France%2C%20France&refinementList%5Boffice.country_code%5D%5B%5D=FR&refinementList%5Borganization.size.en%5D%5B%5D=%3C%2015%20employees&refinementList%5Borganization.size.en%5D%5B%5D=Between%2050%20and%20250%20employees&refinementList%5Borganization.size.en%5D%5B%5D=Between%2015%20and%2050%20employees&refinementList%5Bsectors_name.en.Tech%5D%5B%5D=Artificial%20Intelligence%20%2F%20Machine%20Learning&query=business%20development","Business Development Intern","Convelio","Internship","","11 days ago","›","https://www.welcometothejungle.com/en/jobs?page=3&aroundQuery=France%2C%20France&refinementList%5Boffice.country_code%5D%5B%5D=FR&refinementList%5Borganization.size.en%5D%5B%5D=%3C%2015%20employees&refinementList%5Borganization.size.en%5D%5B%5D=Between%2050%20and%20250%20employees&refinementList%5Borganization.size.en%5D%5B%5D=Between%2015%20and%2050%20employees&refinementList%5Bsectors_name.en.Tech%5D%5B%5D=Artificial%20Intelligence%20%2F%20Machine%20Learning&query=business%20development"
"1611310138-84","https://www.welcometothejungle.com/en/jobs?page=1&aroundQuery=France%2C%20France&refinementList%5Boffice.country_code%5D%5B%5D=FR&refinementList%5Borganization.size.en%5D%5B%5D=%3C%2015%20employees&refinementList%5Borganization.size.en%5D%5B%5D=Between%2050%20and%20250%20employees&refinementList%5Borganization.size.en%5D%5B%5D=Between%2015%20and%2050%20employees&refinementList%5Bsectors_name.en.Tech%5D%5B%5D=Artificial%20Intelligence%20%2F%20Machine%20Learning&query=business%20development","Business Development Representative","Trustpair","Permanent contract","","11 days ago","›","https://www.welcometothejungle.com/en/jobs?page=3&aroundQuery=France%2C%20France&refinementList%5Boffice.country_code%5D%5B%5D=FR&refinementList%5Borganization.size.en%5D%5B%5D=%3C%2015%20employees&refinementList%5Borganization.size.en%5D%5B%5D=Between%2050%20and%20250%20employees&refinementList%5Borganization.size.en%5D%5B%5D=Between%2015%20and%2050%20employees&refinementList%5Bsectors_name.en.Tech%5D%5B%5D=Artificial%20Intelligence%20%2F%20Machine%20Learning&query=business%20development"
"1611310138-85","https://www.welcometothejungle.com/en/jobs?page=1&aroundQuery=France%2C%20France&refinementList%5Boffice.country_code%5D%5B%5D=FR&refinementList%5Borganization.size.en%5D%5B%5D=%3C%2015%20employees&refinementList%5Borganization.size.en%5D%5B%5D=Between%2050%20and%20250%20employees&refinementList%5Borganization.size.en%5D%5B%5D=Between%2015%20and%2050%20employees&refinementList%5Bsectors_name.en.Tech%5D%5B%5D=Artificial%20Intelligence%20%2F%20Machine%20Learning&query=business%20development","Business Development Manager (H/F)","InterCloud","Permanent contract","Paris","17 days ago","›","https://www.welcometothejungle.com/en/jobs?page=3&aroundQuery=France%2C%20France&refinementList%5Boffice.country_code%5D%5B%5D=FR&refinementList%5Borganization.size.en%5D%5B%5D=%3C%2015%20employees&refinementList%5Borganization.size.en%5D%5B%5D=Between%2050%20and%20250%20employees&refinementList%5Borganization.size.en%5D%5B%5D=Between%2015%20and%2050%20employees&refinementList%5Bsectors_name.en.Tech%5D%5B%5D=Artificial%20Intelligence%20%2F%20Machine%20Learning&query=business%20development"
"1611310138-86","https://www.welcometothejungle.com/en/jobs?page=1&aroundQuery=France%2C%20France&refinementList%5Boffice.country_code%5D%5B%5D=FR&refinementList%5Borganization.size.en%5D%5B%5D=%3C%2015%20employees&refinementList%5Borganization.size.en%5D%5B%5D=Between%2050%20and%20250%20employees&refinementList%5Borganization.size.en%5D%5B%5D=Between%2015%20and%2050%20employees&refinementList%5Bsectors_name.en.Tech%5D%5B%5D=Artificial%20Intelligence%20%2F%20Machine%20Learning&query=business%20development","Business Development Representative (BDR)","Javelo","Permanent contract","Paris","17 days ago","›","https://www.welcometothejungle.com/en/jobs?page=3&aroundQuery=France%2C%20France&refinementList%5Boffice.country_code%5D%5B%5D=FR&refinementList%5Borganization.size.en%5D%5B%5D=%3C%2015%20employees&refinementList%5Borganization.size.en%5D%5B%5D=Between%2050%20and%20250%20employees&refinementList%5Borganization.size.en%5D%5B%5D=Between%2015%20and%2050%20employees&refinementList%5Bsectors_name.en.Tech%5D%5B%5D=Artificial%20Intelligence%20%2F%20Machine%20Learning&query=business%20development"
"1611310138-87","https://www.welcometothejungle.com/en/jobs?page=1&aroundQuery=France%2C%20France&refinementList%5Boffice.country_code%5D%5B%5D=FR&refinementList%5Borganization.size.en%5D%5B%5D=%3C%2015%20employees&refinementList%5Borganization.size.en%5D%5B%5D=Between%2050%20and%20250%20employees&refinementList%5Borganization.size.en%5D%5B%5D=Between%2015%20and%2050%20employees&refinementList%5Bsectors_name.en.Tech%5D%5B%5D=Artificial%20Intelligence%20%2F%20Machine%20Learning&query=business%20development","Business Development Representative - Paris - France ??","CybelAngel","Permanent contract","Paris","18 days ago","›","https://www.welcometothejungle.com/en/jobs?page=3&aroundQuery=France%2C%20France&refinementList%5Boffice.country_code%5D%5B%5D=FR&refinementList%5Borganization.size.en%5D%5B%5D=%3C%2015%20employees&refinementList%5Borganization.size.en%5D%5B%5D=Between%2050%20and%20250%20employees&refinementList%5Borganization.size.en%5D%5B%5D=Between%2015%20and%2050%20employees&refinementList%5Bsectors_name.en.Tech%5D%5B%5D=Artificial%20Intelligence%20%2F%20Machine%20Learning&query=business%20development"
"1611310138-88","https://www.welcometothejungle.com/en/jobs?page=1&aroundQuery=France%2C%20France&refinementList%5Boffice.country_code%5D%5B%5D=FR&refinementList%5Borganization.size.en%5D%5B%5D=%3C%2015%20employees&refinementList%5Borganization.size.en%5D%5B%5D=Between%2050%20and%20250%20employees&refinementList%5Borganization.size.en%5D%5B%5D=Between%2015%20and%2050%20employees&refinementList%5Bsectors_name.en.Tech%5D%5B%5D=Artificial%20Intelligence%20%2F%20Machine%20Learning&query=business%20development","Business Development - Sales","ZeClef","Internship","Paris","25 days ago","›","https://www.welcometothejungle.com/en/jobs?page=3&aroundQuery=France%2C%20France&refinementList%5Boffice.country_code%5D%5B%5D=FR&refinementList%5Borganization.size.en%5D%5B%5D=%3C%2015%20employees&refinementList%5Borganization.size.en%5D%5B%5D=Between%2050%20and%20250%20employees&refinementList%5Borganization.size.en%5D%5B%5D=Between%2015%20and%2050%20employees&refinementList%5Bsectors_name.en.Tech%5D%5B%5D=Artificial%20Intelligence%20%2F%20Machine%20Learning&query=business%20development"
"1611310138-89","https://www.welcometothejungle.com/en/jobs?page=1&aroundQuery=France%2C%20France&refinementList%5Boffice.country_code%5D%5B%5D=FR&refinementList%5Borganization.size.en%5D%5B%5D=%3C%2015%20employees&refinementList%5Borganization.size.en%5D%5B%5D=Between%2050%20and%20250%20employees&refinementList%5Borganization.size.en%5D%5B%5D=Between%2015%20and%2050%20employees&refinementList%5Bsectors_name.en.Tech%5D%5B%5D=Artificial%20Intelligence%20%2F%20Machine%20Learning&query=business%20development","Business Development Representative","Artifakt","Permanent contract","","28 days ago","›","https://www.welcometothejungle.com/en/jobs?page=3&aroundQuery=France%2C%20France&refinementList%5Boffice.country_code%5D%5B%5D=FR&refinementList%5Borganization.size.en%5D%5B%5D=%3C%2015%20employees&refinementList%5Borganization.size.en%5D%5B%5D=Between%2050%20and%20250%20employees&refinementList%5Borganization.size.en%5D%5B%5D=Between%2015%20and%2050%20employees&refinementList%5Bsectors_name.en.Tech%5D%5B%5D=Artificial%20Intelligence%20%2F%20Machine%20Learning&query=business%20development"
"1611310138-63","https://www.welcometothejungle.com/en/jobs?page=1&aroundQuery=France%2C%20France&refinementList%5Boffice.country_code%5D%5B%5D=FR&refinementList%5Borganization.size.en%5D%5B%5D=%3C%2015%20employees&refinementList%5Borganization.size.en%5D%5B%5D=Between%2050%20and%20250%20employees&refinementList%5Borganization.size.en%5D%5B%5D=Between%2015%20and%2050%20employees&refinementList%5Bsectors_name.en.Tech%5D%5B%5D=Artificial%20Intelligence%20%2F%20Machine%20Learning&query=business%20development","Business Development and Sales","Box2Home","Internship","Paris","21 hours ago","›","https://www.welcometothejungle.com/en/jobs?page=3&aroundQuery=France%2C%20France&refinementList%5Boffice.country_code%5D%5B%5D=FR&refinementList%5Borganization.size.en%5D%5B%5D=%3C%2015%20employees&refinementList%5Borganization.size.en%5D%5B%5D=Between%2050%20and%20250%20employees&refinementList%5Borganization.size.en%5D%5B%5D=Between%2015%20and%2050%20employees&refinementList%5Bsectors_name.en.Tech%5D%5B%5D=Artificial%20Intelligence%20%2F%20Machine%20Learning&query=business%20development"
"1611310138-90","https://www.welcometothejungle.com/en/jobs?page=1&aroundQuery=France%2C%20France&refinementList%5Boffice.country_code%5D%5B%5D=FR&refinementList%5Borganization.size.en%5D%5B%5D=%3C%2015%20employees&refinementList%5Borganization.size.en%5D%5B%5D=Between%2050%20and%20250%20employees&refinementList%5Borganization.size.en%5D%5B%5D=Between%2015%20and%2050%20employees&refinementList%5Bsectors_name.en.Tech%5D%5B%5D=Artificial%20Intelligence%20%2F%20Machine%20Learning&query=business%20development","Business Development internship","Stockly","Internship","","last month","›","https://www.welcometothejungle.com/en/jobs?page=3&aroundQuery=France%2C%20France&refinementList%5Boffice.country_code%5D%5B%5D=FR&refinementList%5Borganization.size.en%5D%5B%5D=%3C%2015%20employees&refinementList%5Borganization.size.en%5D%5B%5D=Between%2050%20and%20250%20employees&refinementList%5Borganization.size.en%5D%5B%5D=Between%2015%20and%2050%20employees&refinementList%5Bsectors_name.en.Tech%5D%5B%5D=Artificial%20Intelligence%20%2F%20Machine%20Learning&query=business%20development"
"1611310138-64","https://www.welcometothejungle.com/en/jobs?page=1&aroundQuery=France%2C%20France&refinementList%5Boffice.country_code%5D%5B%5D=FR&refinementList%5Borganization.size.en%5D%5B%5D=%3C%2015%20employees&refinementList%5Borganization.size.en%5D%5B%5D=Between%2050%20and%20250%20employees&refinementList%5Borganization.size.en%5D%5B%5D=Between%2015%20and%2050%20employees&refinementList%5Bsectors_name.en.Tech%5D%5B%5D=Artificial%20Intelligence%20%2F%20Machine%20Learning&query=business%20development","Business Development Representative (H/F)","Yespark","Permanent contract","","yesterday","›","https://www.welcometothejungle.com/en/jobs?page=3&aroundQuery=France%2C%20France&refinementList%5Boffice.country_code%5D%5B%5D=FR&refinementList%5Borganization.size.en%5D%5B%5D=%3C%2015%20employees&refinementList%5Borganization.size.en%5D%5B%5D=Between%2050%20and%20250%20employees&refinementList%5Borganization.size.en%5D%5B%5D=Between%2015%20and%2050%20employees&refinementList%5Bsectors_name.en.Tech%5D%5B%5D=Artificial%20Intelligence%20%2F%20Machine%20Learning&query=business%20development"
"1611310138-65","https://www.welcometothejungle.com/en/jobs?page=1&aroundQuery=France%2C%20France&refinementList%5Boffice.country_code%5D%5B%5D=FR&refinementList%5Borganization.size.en%5D%5B%5D=%3C%2015%20employees&refinementList%5Borganization.size.en%5D%5B%5D=Between%2050%20and%20250%20employees&refinementList%5Borganization.size.en%5D%5B%5D=Between%2015%20and%2050%20employees&refinementList%5Bsectors_name.en.Tech%5D%5B%5D=Artificial%20Intelligence%20%2F%20Machine%20Learning&query=business%20development","Business Development and Sales - Stage Avril 2021","Garantme","Internship","Paris","2 days ago","›","https://www.welcometothejungle.com/en/jobs?page=3&aroundQuery=France%2C%20France&refinementList%5Boffice.country_code%5D%5B%5D=FR&refinementList%5Borganization.size.en%5D%5B%5D=%3C%2015%20employees&refinementList%5Borganization.size.en%5D%5B%5D=Between%2050%20and%20250%20employees&refinementList%5Borganization.size.en%5D%5B%5D=Between%2015%20and%2050%20employees&refinementList%5Bsectors_name.en.Tech%5D%5B%5D=Artificial%20Intelligence%20%2F%20Machine%20Learning&query=business%20development"
"1611310138-66","https://www.welcometothejungle.com/en/jobs?page=1&aroundQuery=France%2C%20France&refinementList%5Boffice.country_code%5D%5B%5D=FR&refinementList%5Borganization.size.en%5D%5B%5D=%3C%2015%20employees&refinementList%5Borganization.size.en%5D%5B%5D=Between%2050%20and%20250%20employees&refinementList%5Borganization.size.en%5D%5B%5D=Between%2015%20and%2050%20employees&refinementList%5Bsectors_name.en.Tech%5D%5B%5D=Artificial%20Intelligence%20%2F%20Machine%20Learning&query=business%20development","Business Development Representative (H/F)","SPARTED","Permanent contract","Paris","4 days ago","›","https://www.welcometothejungle.com/en/jobs?page=3&aroundQuery=France%2C%20France&refinementList%5Boffice.country_code%5D%5B%5D=FR&refinementList%5Borganization.size.en%5D%5B%5D=%3C%2015%20employees&refinementList%5Borganization.size.en%5D%5B%5D=Between%2050%20and%20250%20employees&refinementList%5Borganization.size.en%5D%5B%5D=Between%2015%20and%2050%20employees&refinementList%5Bsectors_name.en.Tech%5D%5B%5D=Artificial%20Intelligence%20%2F%20Machine%20Learning&query=business%20development"
"1611310138-67","https://www.welcometothejungle.com/en/jobs?page=1&aroundQuery=France%2C%20France&refinementList%5Boffice.country_code%5D%5B%5D=FR&refinementList%5Borganization.size.en%5D%5B%5D=%3C%2015%20employees&refinementList%5Borganization.size.en%5D%5B%5D=Between%2050%20and%20250%20employees&refinementList%5Borganization.size.en%5D%5B%5D=Between%2015%20and%2050%20employees&refinementList%5Bsectors_name.en.Tech%5D%5B%5D=Artificial%20Intelligence%20%2F%20Machine%20Learning&query=business%20development","Business Development Representative “BDR”","Ubble","Permanent contract","","4 days ago","›","https://www.welcometothejungle.com/en/jobs?page=3&aroundQuery=France%2C%20France&refinementList%5Boffice.country_code%5D%5B%5D=FR&refinementList%5Borganization.size.en%5D%5B%5D=%3C%2015%20employees&refinementList%5Borganization.size.en%5D%5B%5D=Between%2050%20and%20250%20employees&refinementList%5Borganization.size.en%5D%5B%5D=Between%2015%20and%2050%20employees&refinementList%5Bsectors_name.en.Tech%5D%5B%5D=Artificial%20Intelligence%20%2F%20Machine%20Learning&query=business%20development"
"1611310138-68","https://www.welcometothejungle.com/en/jobs?page=1&aroundQuery=France%2C%20France&refinementList%5Boffice.country_code%5D%5B%5D=FR&refinementList%5Borganization.size.en%5D%5B%5D=%3C%2015%20employees&refinementList%5Borganization.size.en%5D%5B%5D=Between%2050%20and%20250%20employees&refinementList%5Borganization.size.en%5D%5B%5D=Between%2015%20and%2050%20employees&refinementList%5Bsectors_name.en.Tech%5D%5B%5D=Artificial%20Intelligence%20%2F%20Machine%20Learning&query=business%20development","Business Development Representative - FR","Spendesk","Permanent contract","Paris","4 days ago","›","https://www.welcometothejungle.com/en/jobs?page=3&aroundQuery=France%2C%20France&refinementList%5Boffice.country_code%5D%5B%5D=FR&refinementList%5Borganization.size.en%5D%5B%5D=%3C%2015%20employees&refinementList%5Borganization.size.en%5D%5B%5D=Between%2050%20and%20250%20employees&refinementList%5Borganization.size.en%5D%5B%5D=Between%2015%20and%2050%20employees&refinementList%5Bsectors_name.en.Tech%5D%5B%5D=Artificial%20Intelligence%20%2F%20Machine%20Learning&query=business%20development"
"1611310138-69","https://www.welcometothejungle.com/en/jobs?page=1&aroundQuery=France%2C%20France&refinementList%5Boffice.country_code%5D%5B%5D=FR&refinementList%5Borganization.size.en%5D%5B%5D=%3C%2015%20employees&refinementList%5Borganization.size.en%5D%5B%5D=Between%2050%20and%20250%20employees&refinementList%5Borganization.size.en%5D%5B%5D=Between%2015%20and%2050%20employees&refinementList%5Bsectors_name.en.Tech%5D%5B%5D=Artificial%20Intelligence%20%2F%20Machine%20Learning&query=business%20development","Business Development Representative","Sharework","Permanent contract","","4 days ago","›","https://www.welcometothejungle.com/en/jobs?page=3&aroundQuery=France%2C%20France&refinementList%5Boffice.country_code%5D%5B%5D=FR&refinementList%5Borganization.size.en%5D%5B%5D=%3C%2015%20employees&refinementList%5Borganization.size.en%5D%5B%5D=Between%2050%20and%20250%20employees&refinementList%5Borganization.size.en%5D%5B%5D=Between%2015%20and%2050%20employees&refinementList%5Bsectors_name.en.Tech%5D%5B%5D=Artificial%20Intelligence%20%2F%20Machine%20Learning&query=business%20development"
